"id","email","email_verified_at","password","remember_token","created_at","updated_at", "label"
"001c606e-695a-4a85-88bd-bcc547bbfeb5","thompson.andy@gmail.com",NULL,"$2y$12$lPkAE2q/9hsWeWtPo18JnuIWT/GuTOernGCbImv1qG1Kxhnfv0sHK",NULL,"2025-12-16 14:07:39","2025-12-16 14:15:18"
"0050d4f5-537d-44fa-932f-736887a8f395","yschiller@gmail.com",NULL,"$2y$12$scJBEfrj.5SEemwK.83s7uaAeg6J4FXIxwf6nnwpZZ9.mpEy1E53i",NULL,"2025-12-16 14:06:05","2025-12-16 14:15:18"
"00c23a45-eab9-4360-b3b1-6027611370cf","kunze.aniyah@gmail.com",NULL,"$2y$12$XUkZ9GrjSw./B63cDwXfjuTdUSD03jOJ8Gaa/cxSPpuiGVSetnby6",NULL,"2025-12-16 14:06:11","2025-12-16 14:15:18"
"016bc28f-71f1-428a-a2e4-6c62085867f9","lamont93@gmail.com",NULL,"$2y$12$7V7Rd1a.6yfFJxAf8XAgNe5Q6N4kQ7/40I4tsQKt.sKoKOZyuTIJy",NULL,"2025-12-16 14:07:34","2025-12-16 14:15:18"
"019ac2e0-7c0f-7076-badd-e1e9d0a84e2d","netabotadmin@gmail.com",NULL,"$2y$12$dh8nyB5gJZVU.DX1mgctQODtbEwC8lR4pIWcLtSsIkeRmviMFY4ey",NULL,"2025-11-27 01:14:43","2025-11-27 01:14:43"
"019ac2ec-98aa-7145-8490-b1cbce73d048","muhammaddzulfiqar03@gmail.com",NULL,"$2y$12$WT.nLBRj8Q5I/cZ3uQHxQuHn8BMAlSOINMknvEEf1H/bcAn./FiBS",NULL,"2025-11-27 01:27:56","2025-11-27 01:27:56"
"01f9dc8d-6813-40e5-a110-bb3df814875d","orau@gmail.com",NULL,"$2y$12$MuIIIRVxjhNdOawUCHs6WOrA8kLuGAXAf8WQeNuwtQwEr/Jl0jDba",NULL,"2025-12-16 14:07:17","2025-12-16 14:15:18"
"03babf57-eef9-47bf-9c80-fd553e834e85","wehner.demetrius@gmail.com",NULL,"$2y$12$Vtr/6ukoG/mUKGThRyZETOg3JSVPgNZ62bnIDmKT1QZtvt9ZDANla",NULL,"2025-12-16 14:06:19","2025-12-16 14:15:18"
"046e7558-1352-46cf-955d-e571ceaf7ddc","yrunte@gmail.com",NULL,"$2y$12$R4CkyoFv0DTsHZv0djMchuCmxd96a23xyl31HT.Ju0PzESjAY4JAi",NULL,"2025-12-16 14:06:04","2025-12-16 14:15:18"
"065e9d06-6eac-4171-9d50-3b318520d540","brekke.kim@gmail.com",NULL,"$2y$12$06VWqum5oPXp7K3u5YDuteTra/uSjccSp76h4S9M9U3AUjWjpJC5C",NULL,"2025-12-16 14:05:58","2025-12-16 14:15:18"
"08dc3c15-08ea-4155-bfe3-7d20901d13cc","ubailey@gmail.com",NULL,"$2y$12$dFouGd9qIix.gtZPUC5xuO6Se7JJ14v0yXNByld9SnN3cxbKG7ij.",NULL,"2025-12-16 14:07:12","2025-12-16 14:15:18"
"0a6be664-9f34-4486-8bb0-b623062a1b19","bhomenick@gmail.com",NULL,"$2y$12$lPv6PLDiCdFJiRiaq4EN5eoU3aTw0vym5eL.z2t5RRWj/ikfFcIUC",NULL,"2025-12-16 14:06:22","2025-12-16 14:15:18"
"0abb97b5-d905-41bb-a0ea-e024456346ca","anabel.parker@gmail.com",NULL,"$2y$12$7Gdr4aUlhfAnWOAYTnNG2.oCCPlhwfFnqZNn9E7PpcjoW3iBuI6ku",NULL,"2025-12-16 14:07:27","2025-12-16 14:15:18"
"0b9af7df-3f73-44bc-8970-76bba5c40b9e","mohammed91@gmail.com",NULL,"$2y$12$HxjFuK9CZbz5qLenxzjb.upcH..Ii7ORbIjTZZt8ZQU1mdH8WnfYa",NULL,"2025-12-16 14:06:25","2025-12-16 14:15:18"
"0e8aef5b-1768-41f6-8075-053f3c9e6d0c","brendan.paucek@gmail.com",NULL,"$2y$12$NeWsa76tfzbfw1nN5IhKreNEQlrpJ65q8Y60Bvo0xC3jW7mXjHqDy",NULL,"2025-12-16 14:06:13","2025-12-16 14:15:18"
"0eb481ad-bc59-45db-90b1-0ce363606054","cole33@gmail.com",NULL,"$2y$12$dhLCANZkFmrJGe2ds2JA5OJFoZCY48LDQ.A9huZtz65Oc55sC6ZSy",NULL,"2025-12-16 14:07:38","2025-12-16 14:15:18"
"0ef62854-b3d7-41ab-8210-42d423d2c446","ceasar52@gmail.com",NULL,"$2y$12$iBrnzSm3ndiFzvzQiod/v.zmD2zQmrw3HSA.SqL6cAkFp3OTNBs12",NULL,"2025-12-16 14:07:21","2025-12-16 14:15:18"
"0ef674c1-96ce-47af-a43b-84165e358570","mcclure.duane@gmail.com",NULL,"$2y$12$Gk9CsYOs3G7lj9YArUTvfu/iiLjDo4gnZS6fdW4yyBsZ1.sq5Q1lm",NULL,"2025-12-16 14:06:18","2025-12-16 14:15:18"
"10950a0c-8569-46de-934b-9ae743617984","jordy12@gmail.com",NULL,"$2y$12$f8uye18xn7F7T4/Gwu1CouivhqD8ZNeZAfOb6QP2x.QdAPg82LgeO",NULL,"2025-12-16 14:07:08","2025-12-16 14:15:18"
"10be64ca-071a-4daa-9cef-52b8b61a8951","diego.ferry@gmail.com",NULL,"$2y$12$DEHPkdj4ztD2tpFdUnY8F.1FJp36dxBfoHvusQAzUcOI2CHgSU2Dq",NULL,"2025-12-16 14:06:22","2025-12-16 14:15:18"
"11093d6e-7350-497f-9fcc-4ee2545d0ae4","keaton00@gmail.com",NULL,"$2y$12$1f4zA9XV4ngI4Yy8kgXyIemT1gxbjgQ3CBgUKO67mwHIzvDtssORO",NULL,"2025-12-16 14:06:03","2025-12-16 14:15:18"
"11cc6c50-ae79-455b-8ad6-c101b06a5d24","dickinson.ignacio@gmail.com",NULL,"$2y$12$5es0K.SxGRy4hwCLQ45Hk.0mP7cRFpaZaT5esucxJda9TjhY77mBW",NULL,"2025-12-16 14:07:35","2025-12-16 14:15:18"
"11e55733-f127-475b-97ac-fe82b8dda835","dedric99@gmail.com",NULL,"$2y$12$68sGTn9wqZ3YSwGVBbhHzeQAglPQ.Bjw0mfP9YgwEtRFdMmO3vg9G",NULL,"2025-12-16 14:07:26","2025-12-16 14:15:18"
"1270c8b9-9863-4704-bc43-454722868c23","oskiles@gmail.com",NULL,"$2y$12$9PIpxBEEo1QCkAnWFZspP.AdmfUvIACKQgmkILT4P7ge.v/V4Jn/q",NULL,"2025-12-16 14:06:48","2025-12-16 14:15:18"
"12f94254-1242-4d4d-9665-807ce8bfe6a2","destany01@gmail.com",NULL,"$2y$12$6Oo75LbE0.e8qGFDbV1N9e2/mA1wVMEsyMFU/6QyDg2Nf2LlH6dz2",NULL,"2025-12-16 14:06:32","2025-12-16 14:15:18"
"13ccaf5e-5294-4915-95e7-ad97f3a69e0b","claude.kulas@gmail.com",NULL,"$2y$12$WTKb6Q1zRPTm8caxnKqo0OMxYK/nW.EdFS78vnVk1vpnwzCLOn2l.",NULL,"2025-12-16 14:06:39","2025-12-16 14:15:18"
"14c99f5b-7c57-475e-8da3-e7e145208963","dino02@gmail.com",NULL,"$2y$12$jK3N22048opsKMhUzfJiPefzXKbcQv3ynUubF/7EO/NPSya/h8aAi",NULL,"2025-12-16 14:07:40","2025-12-16 14:15:18"
"16a28b98-75b4-4a6c-b8b2-6b9211df334f","casper.giovani@gmail.com",NULL,"$2y$12$rfdZPTY53ZDpl.vxLjTzwOhOz0i.GFdqi1EJjIqeIcO01iSLqPkWu",NULL,"2025-12-16 14:06:07","2025-12-16 14:15:18"
"17598902-36e4-4b1d-b6a3-bb44cbed5386","wehner.roman@gmail.com",NULL,"$2y$12$R6Gsi0eprpMoissn4R5.JulA3upei7IDhOZujVkgwVFd.AqtnS6Ti",NULL,"2025-12-16 14:06:09","2025-12-16 14:15:18"
"19506027-4412-403a-b227-2f6118ce7814","cwest@gmail.com",NULL,"$2y$12$bl3qV7qvDZrPVJqzrHQ0tOeFMUShjgqtLu.F5VA9KfZqsfB0ko1w2",NULL,"2025-12-16 14:07:09","2025-12-16 14:15:18"
"1d34bb45-2607-488c-8d39-a2a76636d34e","balistreri.myrtice@gmail.com",NULL,"$2y$12$ByyBJf0gjw6NWT9K4eXVY.lAqzPhV0Z7udwg5OzWUiNOTHqVnQLq2",NULL,"2025-12-16 14:06:54","2025-12-16 14:15:18"
"1e4510b2-f5d2-4a14-97b6-8b6c2b3c7c54","joel.hane@gmail.com",NULL,"$2y$12$TniDAH79.rKj1nsEN.nZG.B4KNQh1PgCja7EbahOoe8iWJwXFwhVy",NULL,"2025-12-16 14:06:08","2025-12-16 14:15:18"
"1e7ab086-68ed-4b66-a0b5-b6c87bef8183","nolan.frances@gmail.com",NULL,"$2y$12$HD/6XYEGXbKAWPyz8WfIO.ruHm7bZcCLuhcEeB1gvdJMldZ52KjcK",NULL,"2025-12-16 14:06:59","2025-12-16 14:15:18"
"1e8b0aaf-1a3f-4186-ac95-7bf43597c81c","white.kendrick@gmail.com",NULL,"$2y$12$3xTr8i8C8EDkSGjCpDoGfeC6oYwW4cgz8F2mtg/0B3rnAh86o0AO6",NULL,"2025-12-16 14:06:41","2025-12-16 14:15:18"
"1eeb0028-0209-47a7-8e8c-e5dc19911a70","napoleon.mcdermott@gmail.com",NULL,"$2y$12$pvjhybIaX5jcTZPB0t.PpeOgwKi1Vh3dhUVrx0bEzBARwRKNcMy.O",NULL,"2025-12-16 14:06:57","2025-12-16 14:15:18"
"1efe99cc-a3a7-4968-80dc-c93b1a5a0e37","saige33@gmail.com",NULL,"$2y$12$qGHPra7pDxmxzvc7pGw8DunHWRLyGJ1JGBNMO.e7khTURg/Ku8Nd6",NULL,"2025-12-16 14:06:10","2025-12-16 14:15:18"
"20cbf7f8-755b-4981-951a-e5240ef92bf5","pinkie.ziemann@gmail.com",NULL,"$2y$12$TXjK6ThO5AtMWrVXzGItgeIXDbkuzZ2ArAgEWXpfMR7bXN89JmJSS",NULL,"2025-12-16 14:06:02","2025-12-16 14:15:18"
"240a4e13-2248-490d-9b53-de8363d27f65","marjory51@gmail.com",NULL,"$2y$12$9wKyBclaVfm/fYTjDpqK5uLRbMtUYaF.aaZe4.jdpu25vB3HKlkC6",NULL,"2025-12-16 14:07:40","2025-12-16 14:15:18"
"2410b438-d503-4276-b39c-a6e8dba57375","liam.metz@gmail.com",NULL,"$2y$12$ozlL2qJV8Z88pFR2yEt.6.ODiuZlWXzHPzZk65H9frCjcJmaWrVG.",NULL,"2025-12-16 14:06:44","2025-12-16 14:15:18"
"246e185f-7f03-4a41-a893-dad939c85c25","ferry.joelle@gmail.com",NULL,"$2y$12$W9WOFsYPvJEwFJF/8FPQG.dAwZUirL4u/XiHQfp6A2h2i1Jqvq.gG",NULL,"2025-12-16 14:07:03","2025-12-16 14:15:18"
"25cd547f-25c8-4c28-8883-8e1304b143ea","tyra98@gmail.com",NULL,"$2y$12$Nnc6I7HS8/BN/P2U/Sb7YuQLPGOnnO0HxAgDfuURL0GfWaFeAgy/a",NULL,"2025-12-16 14:06:40","2025-12-16 14:15:18"
"262a42bc-1322-4113-8366-4881fa87b4d2","rico72@gmail.com",NULL,"$2y$12$4tFsBZNyea1LvI0IRFZs.enMfNi/DasuECmYUDRAkfDZ3sJ7XoUT6",NULL,"2025-12-16 14:06:34","2025-12-16 14:15:18"
"277ef0aa-f3d5-4d79-aaf4-a7419b5d232e","adaline.koelpin@gmail.com",NULL,"$2y$12$kHUhybJ6AXT1zIG8sGC8iOF2mDG89yIp464mug.T7BNZkEZbPcsW2",NULL,"2025-12-16 14:07:09","2025-12-16 14:15:18"
"27991126-5eea-4009-bd7a-74181e4dd864","larson.johnpaul@gmail.com",NULL,"$2y$12$/C.HMHelDHzoc.2fhDBa3.oj4cT0WC5AimeHBNnrhw2brt4evO1ri",NULL,"2025-12-16 14:06:01","2025-12-16 14:15:18"
"28882d42-fd29-4e1a-b0f8-8dc3c80c8494","emmy.buckridge@gmail.com",NULL,"$2y$12$lJsxYiLFcp1sxxSYH6Im7e02HMWFX6O2nM8rxezl27O/Ack4qF9fu",NULL,"2025-12-16 14:06:55","2025-12-16 14:15:18"
"2943532f-7e17-4b75-8c0a-a46a244c3cd0","marquis.dibbert@gmail.com",NULL,"$2y$12$LTQ8VMxxShVeFbhrHOg43u/Ik7MRuDiZe2JyW6uYDFyAK7j3bWRX.",NULL,"2025-12-16 14:06:11","2025-12-16 14:15:18"
"29a12726-5805-4787-a703-d822964e8212","qherman@gmail.com",NULL,"$2y$12$Om14U1Hj1bllo5bjIbA5GuZGfzNq0rmabcPkD/TpTBrsxmeYXsq0e",NULL,"2025-12-16 14:07:24","2025-12-16 14:15:18"
"2a8e354c-4fe3-4f77-9334-b5b2d31a7962","waelchi.jayden@gmail.com",NULL,"$2y$12$WdgJlSOlBSXzSQyekaVJl.yY/VAAN6EWO/5DiHo9TFWXv3gsAWzeW",NULL,"2025-12-16 14:07:22","2025-12-16 14:15:18"
"2b938b7a-6506-4d9d-b92f-35c1de96afc5","fabiola.mayer@gmail.com",NULL,"$2y$12$kRUoPovlwWdAywF5jp3dcuzuui3CAuculDtlwYUySd7cfOm5XUr/S",NULL,"2025-12-16 14:06:03","2025-12-16 14:15:18"
"2d6813ef-1372-4c9c-90d5-9ffeb76671d8","omer.greenholt@gmail.com",NULL,"$2y$12$iolJxq5qUyUH7LV3WguDQeL5W/xVZzoMQPezDwzjCbBGnNNbx7WBG",NULL,"2025-12-16 14:06:14","2025-12-16 14:15:18"
"308de37d-f925-4fbf-9932-058c70ebc38b","linda.mosciski@gmail.com",NULL,"$2y$12$zigo03MlHy1dc5.XQzlJHej8//jJS.QQkItgf9O02AsId61PpJ.Tq",NULL,"2025-12-16 14:07:18","2025-12-16 14:15:18"
"314139b4-a7c5-4845-9fe2-a093e60bb620","quinn04@gmail.com",NULL,"$2y$12$NYgRxq8MSCH3VhwzYxsLV.KU3N0aSxDi6hzNecIscLuNn88c/.CJm",NULL,"2025-12-16 14:06:49","2025-12-16 14:15:18"
"33428352-7d99-4c43-bb37-176254f3c50d","tromp.rhoda@gmail.com",NULL,"$2y$12$FSmJgrefb3cVMWTpjaIQyOHgGzWyLJ2IRKKXhpf4VUZOVnkyNCuSS",NULL,"2025-12-16 14:06:47","2025-12-16 14:15:18"
"35059eb3-172b-4e81-a411-2e65edd7baf3","harris.myra@gmail.com",NULL,"$2y$12$bf5MYJ7QjOkNZ.Y1RIPdDOjJ2SoD.K4R.l1eL7O4eA9nOVimDEMSC",NULL,"2025-12-16 14:06:39","2025-12-16 14:15:18"
"35af15d6-fa0f-498c-8309-2dc7b869a4b5","denesik.maeve@gmail.com",NULL,"$2y$12$uBXZJrxrmOj3P4V0JjRDtuEM8j24yrp8FlzJnDLxv6P2ZoidqiMKS",NULL,"2025-12-16 14:06:24","2025-12-16 14:15:18"
"35cdf867-af7d-4376-a6e0-ac1e0b7969b1","kgraham@gmail.com",NULL,"$2y$12$WVKRf.ruTvLARX.ytSw.peeoLaXodM0hm2nTXCLectRv8WBfgtKs.",NULL,"2025-12-16 14:06:31","2025-12-16 14:15:18"
"37797c50-47d9-48f8-8b96-75e78103b895","jedidiah24@gmail.com",NULL,"$2y$12$3qdt0u.YsTijrZIYs4ibT.dfjNY.Bmjoz4BLGf8JA3oCmcjatG3N.",NULL,"2025-12-16 14:06:51","2025-12-16 14:15:18"
"37946d23-c578-4818-b8b2-401950456f1c","goconnell@gmail.com",NULL,"$2y$12$4ljP..wqpxC7TfNHCHSfqeoaDdXPF4FqBEErVSAu5HW2XXAyTrQey",NULL,"2025-12-16 14:06:06","2025-12-16 14:15:18"
"384aeb48-3ef7-4467-b087-eb3ee5bd0349","vryan@gmail.com",NULL,"$2y$12$OtHFWms8Eubpl2i2mYM8melOny18URu8f0cIQPa530gYQOcTNuvEe",NULL,"2025-12-16 14:06:16","2025-12-16 14:15:18"
"38b55058-d6d4-4edb-9113-dbd30440177d","zetta.johnston@gmail.com",NULL,"$2y$12$V7tPhRmqUn2BcACzQaonX.mdYlTVT0CKKrtLhqz.nj6mk8TdnTehG",NULL,"2025-12-16 14:06:13","2025-12-16 14:15:18"
"38d25a8a-fee7-4852-9bfe-3d309d67395d","ydouglas@gmail.com",NULL,"$2y$12$YUGH51jPjV2GupQnr7QGfutZiFVFqXdLMbqT1AgoMVFE.gXCZ1wya",NULL,"2025-12-16 14:06:17","2025-12-16 14:15:18"
"397db5cf-e12d-4069-a24e-285eab61a733","katheryn.weimann@gmail.com",NULL,"$2y$12$BA0eTmHOtGwBelSadyc/fOJmyBaMN7QlxOBVpy.VtOOLQFJ9/WDJq",NULL,"2025-12-16 14:06:36","2025-12-16 14:15:18"
"3a6c972e-89a2-49fb-a127-711bdcbafeca","iwisozk@gmail.com",NULL,"$2y$12$O2UjeB.d5PO0OHziBl3neOZtgPZf.uHkAP0Dj4CJXc9u5J5r/WjI2",NULL,"2025-12-16 14:07:29","2025-12-16 14:15:18"
"3ab31dcc-3e36-4b94-9298-1b9f0530d36b","beulah.simonis@gmail.com",NULL,"$2y$12$5xCfYwrpP/DgY3KlqUtED.i6.4v2brQBAYysGIEhI2FsFAhT0zAWS",NULL,"2025-12-16 14:07:36","2025-12-16 14:15:18"
"3b6da858-f6ad-4e0d-80f8-49dfd3b67aab","bbrown@gmail.com",NULL,"$2y$12$2BJT./8ITbaJVyUNY8GLWO6viO4nhKZeFnon6H9Tibf0npN1CYCmW",NULL,"2025-12-16 14:07:03","2025-12-16 14:15:18"
"3b7cc833-704c-4f1e-9e53-573fd782436f","eleonore.cassin@gmail.com",NULL,"$2y$12$WGctL2ltenLC85cfnyjlp.BICLyIz6x7QxfMEUMngBB4CK/sPe4GG",NULL,"2025-12-16 14:06:35","2025-12-16 14:15:18"
"3b811f1f-ef82-4cfc-9c73-4ad65ee16ce1","mparker@gmail.com",NULL,"$2y$12$eNL7HFmA2hvlQseq0/i8meE2uLY1Pv6b0xOk/WDnyPV38T6C8XN52",NULL,"2025-12-16 14:07:08","2025-12-16 14:15:18"
"3c559103-d5bc-4fb4-91e8-edc0ddf3e083","pattie51@gmail.com",NULL,"$2y$12$O6ZfZxHRSBtSCFBH9o9WPuYczKGCS6YAiw0NImIyHfYK6/xen3vd2",NULL,"2025-12-16 14:07:16","2025-12-16 14:15:18"
"3cd392b1-f920-4561-b700-e86ad4c1feca","ehahn@gmail.com",NULL,"$2y$12$5vDicJChYpxUt1V.9ENuf.PQAWV71wuJ4SY6Hi5pW6wh3W9mXgSna",NULL,"2025-12-16 14:06:53","2025-12-16 14:15:18"
"3daf2220-7158-4d35-b9e9-d17d567f7335","marquise.rosenbaum@gmail.com",NULL,"$2y$12$1P317WCnlysdp8RKGNgRnOktLH1BoA48mMwBxra6tE7dfFosrT6fW",NULL,"2025-12-16 14:06:24","2025-12-16 14:15:18"
"3db0986b-442a-4959-a0f1-83bb4bddfeb8","spinka.timmy@gmail.com",NULL,"$2y$12$ghpzkLD.1NzeJ86IAP8nK.XZikRwQizti81ERefsuX6fi5EplvYEK",NULL,"2025-12-16 14:07:19","2025-12-16 14:15:18"
"3e84e5e4-820b-41d7-8b25-793925c00c13","gleichner.vergie@gmail.com",NULL,"$2y$12$jumpTRxuht0JDWI23a.9hO5Tvcg3nH2aV8ikEhhZP2EdBC3Pq3kOO",NULL,"2025-12-16 14:06:21","2025-12-16 14:15:18"
"3f365a62-a744-40b1-aaef-c11a4a106dc3","ericka.nitzsche@gmail.com",NULL,"$2y$12$wpUYowCChTNMt1bbrv7dJOwycUKOe56Ju5K2u/HAPU.VVJTwgv.V6",NULL,"2025-12-16 14:06:46","2025-12-16 14:15:18"
"401d1e59-db42-4cd1-8ca7-5ae31c133e9c","mkohler@gmail.com",NULL,"$2y$12$ysi5YgWGsHYlcO1uxp0mteJZhR3uXEXa6bK5tc8vxS1gZnTNBNjQm",NULL,"2025-12-16 14:07:23","2025-12-16 14:15:18"
"40543000-51d2-4818-97c0-c413c5f3dae0","mathias.bogisich@gmail.com",NULL,"$2y$12$MEPicgkQqLM2ol8U2GgAy.MzkWQgVBby7GUcB7qaT4P7UFyplA0Ty",NULL,"2025-12-16 14:07:07","2025-12-16 14:15:18"
"419d8c4a-5bcd-42ef-9606-92ab3a0f135e","lvonrueden@gmail.com",NULL,"$2y$12$CIHMjwH9YWVKmVm/ZhGW4ukAs0jCfidmdRlP8e7UCrQNmH7XLPKMq",NULL,"2025-12-16 14:06:14","2025-12-16 14:15:18"
"4238c575-678e-4b98-877b-615c71183ce8","sydnee.goodwin@gmail.com",NULL,"$2y$12$Nn/i3mUNAe/R3dH3Ti2ch.3qa05mQgkUdbxRAxmDcVbqRZuTL0BCS",NULL,"2025-12-16 14:07:08","2025-12-16 14:15:18"
"4315f20c-7f78-4530-96b1-afda7c64add7","kiehn.broderick@gmail.com",NULL,"$2y$12$LQr5a9indDcgrNYsZ67BCeTggzCQeF42LBym9urS.8Myf2QFMl8x6",NULL,"2025-12-16 14:06:26","2025-12-16 14:15:18"
"43525d1d-1be2-41df-9c22-5ac90ec24f2a","hmueller@gmail.com",NULL,"$2y$12$N01pnPq0bdt8L0Dl3k8A4uvQVeMMco5epSqYT0HG6FvQwUk.bqhnq",NULL,"2025-12-16 14:07:29","2025-12-16 14:15:18"
"44b4a2bf-128f-43c8-a619-f3cbac455806","howe.elisha@gmail.com",NULL,"$2y$12$5SYslmUpQ2ayGf7.hQTmjud72V87.gUxbGu0kw9u/cyUR7qW/JqOi",NULL,"2025-12-16 14:07:00","2025-12-16 14:15:18"
"455f59f9-2cc4-431a-bf0e-9fd402069e01","king.nico@gmail.com",NULL,"$2y$12$hJ80ioaq870zRgZpLU9DK.CLM/2SY.ZqdcZ2vhjWbiU3mQ/FGJAOG",NULL,"2025-12-16 14:06:37","2025-12-16 14:15:18"
"470c1e04-43f8-40c0-be57-1de75dc5a0fc","bennie.christiansen@gmail.com",NULL,"$2y$12$UiUdTbEwtdGdXoKGNN0q5.a7dhlsQQqqqT6Cu2hm9W9yLjzo8Wktu",NULL,"2025-12-16 14:06:43","2025-12-16 14:15:18"
"47845565-9ec0-481d-945b-bd358696da3e","emelie.dubuque@gmail.com",NULL,"$2y$12$Rlb4pCpZnjWN6FAC4T.w6OvHdxrQmbS54M1L6JVDYXiXJp.FLko3K",NULL,"2025-12-16 14:07:25","2025-12-16 14:15:18"
"4a2a5161-4f7f-43c8-b9f2-01d9d54cee7a","carlo.jacobi@gmail.com",NULL,"$2y$12$baBq0HHiDlKw/Jp3xxQMRuNFS/tU9gU2IynpuPI9DKN9fLpz2HKM2",NULL,"2025-12-16 14:07:27","2025-12-16 14:15:18"
"4b1ae6e2-5b67-4a2b-8463-e49417c5d8a9","white.jacky@gmail.com",NULL,"$2y$12$vOXXaLgy4I3CkKj81NbSyu22zKBmibVekUtCdXFM9yfDeVMAecr7C",NULL,"2025-12-16 14:06:54","2025-12-16 14:15:18"
"4b5ba949-67c0-423f-80b5-c94922ff4ecb","tbreitenberg@gmail.com",NULL,"$2y$12$vpM/nq58QmnurAvsheZHpOBB7Cb8kosJ7Se2LZtNlf8mOX4zypGnO",NULL,"2025-12-16 14:06:20","2025-12-16 14:15:18"
"4b9c999a-2a74-4ac7-8ebf-603b8dd03b46","lucienne.wunsch@gmail.com",NULL,"$2y$12$RNz.D28SiVgpGshoQOiseeVEgAKIpp9NfxgIf4iQRVKnmQJLGO946",NULL,"2025-12-16 14:06:06","2025-12-16 14:15:18"
"4c4d8057-c17f-4a93-9936-19fd077abe58","erdman.brooke@gmail.com",NULL,"$2y$12$vpSFjgg73FbydNYHrrf.xena9BRzWA7k1/0Xy8MczE3XKfilG35d.",NULL,"2025-12-16 14:07:11","2025-12-16 14:15:18"
"4ea01386-1b4a-4d0f-a456-4e4627170d74","hayes.elmore@gmail.com",NULL,"$2y$12$SRop6H/l/suj9Wkbstphbuj7jnxokWlPFyRM45vfCYp7meefgbXxe",NULL,"2025-12-16 14:06:37","2025-12-16 14:15:18"
"50f12d9b-5d14-4425-a044-ffce12d73ae2","darien.smitham@gmail.com",NULL,"$2y$12$ZKaQialcfWmpM9dxdUZKBusXpvgnhk/zBN6QzQZgeGpqeJwvMRNOW",NULL,"2025-12-16 14:06:17","2025-12-16 14:15:18"
"52e34b96-ee5d-4938-9e83-52fc7ca3156a","habshire@gmail.com",NULL,"$2y$12$xzYWHXVNoWOviqdTtga9Re5uS/SYsWRN8GDfbAvnygBC4i2m01wpG",NULL,"2025-12-16 14:07:29","2025-12-16 14:15:18"
"53f64617-213a-4ea3-a27c-e8454da7accb","schuster.meagan@gmail.com",NULL,"$2y$12$YRy721rv./Pz16.QqjoyouIxrjp.oWGpi3exA4SuI2Nz89Vg1rHvq",NULL,"2025-12-16 14:07:11","2025-12-16 14:15:18"
"54752bc5-5ef1-4892-916e-de6fe51b71fd","green.arvid@gmail.com",NULL,"$2y$12$r031KYWucmYLx7P9SUmouuDpD1oisqwLo3kv.JoqxP1spJZxXjY9q",NULL,"2025-12-16 14:06:59","2025-12-16 14:15:18"
"572a1f70-977a-488d-abbd-da94c177d2c9","diamond27@gmail.com",NULL,"$2y$12$0cQaeQh7gvfiW0LPoqZoOeaDqlQisCDTALBHvr7LrgxuvtlYlOA3u",NULL,"2025-12-16 14:06:19","2025-12-16 14:15:18"
"576a6147-380e-446a-8fc6-99499fe6f113","laney.littel@gmail.com",NULL,"$2y$12$eisC1tcrzf33N8ZCYjt80uNXqr34owGINBJql5tGxQL9MpRL3.7/C",NULL,"2025-12-16 14:06:21","2025-12-16 14:15:18"
"58a5812a-0b08-4523-8d5b-51cf98f7235a","vcassin@gmail.com",NULL,"$2y$12$5m0/K1u9mvPmgaSAcQznT.2yH6aC34FKZZEE3ZQx23VP9OYagZCEq",NULL,"2025-12-16 14:06:02","2025-12-16 14:15:18"
"5b1dbcd8-22ac-4439-8c1e-5bd79b5b16d3","hirthe.felicity@gmail.com",NULL,"$2y$12$wA8zo47hkuNpaZHuIeiEW.HSsoY2Ees1qeW5Z8gElXZILNtr2SyDW",NULL,"2025-12-16 14:07:31","2025-12-16 14:15:18"
"5b73eece-4f54-456d-8e9b-8b78fc6d9798","amira65@gmail.com",NULL,"$2y$12$E8FjZswNlM30w70/J3pyw.JG6Up6lD4rF.NwVDgh9HtSFcaEbAkgW",NULL,"2025-12-16 14:06:06","2025-12-16 14:15:18"
"5b9b026e-179b-42c9-ac4b-b3d8363afd9b","cormier.blake@gmail.com",NULL,"$2y$12$hks9uvNaD3ecDlMnGBhx1e9E4ymNyVqbbPKiCxTAsZpg.hk4cB2ci",NULL,"2025-12-16 14:07:14","2025-12-16 14:15:18"
"5ce9e252-48e2-4dc8-822f-b408cd7703e2","fgreenfelder@gmail.com",NULL,"$2y$12$SQDM5gIvNNc3dFOnB34yS.91Gi3EIlWfCnufyhlNLiW6O.obqCXT2",NULL,"2025-12-16 14:06:15","2025-12-16 14:15:18"
"5d7dfc49-a855-4e2f-ac9a-8733366086e9","dax39@gmail.com",NULL,"$2y$12$aoDAGOghQnKqtoskDXgUzO9w1kKTQxy.bbKSgYfD3orIBgEugNzVy",NULL,"2025-12-16 14:06:27","2025-12-16 14:15:18"
"5f3d2419-3576-4ed9-bd95-fcaf533984ef","eunice.donnelly@gmail.com",NULL,"$2y$12$Nl1HPPzVmPXGIHdDsPy6X.n.izIaW3BwkcdSS4Iv0r1U/m/7vHK3C",NULL,"2025-12-16 14:07:33","2025-12-16 14:15:18"
"601bed0b-df16-4120-baf5-6d16a38d2c70","fatima07@gmail.com",NULL,"$2y$12$APz99sA.SbU6957bC2yMiuFkm./9Qt7YEubOhUInr.qns8hUkm.5e",NULL,"2025-12-16 14:06:01","2025-12-16 14:15:18"
"60cabbe3-685f-42c5-815a-b37e4b047e6d","bschaefer@gmail.com",NULL,"$2y$12$pc5kUR1/viowh4eB0.oAU.k2ztp0KUQ5fyHkcGrxn9l15PagQetGu",NULL,"2025-12-16 14:06:40","2025-12-16 14:15:18"
"6176eeb4-abbe-4ef2-9308-369622b5da63","kathlyn62@gmail.com",NULL,"$2y$12$tMfgZJM5m2w9RyuVVkMe5.5enTLEeBwllUvvI9.eQA8LhV.Z5BMc.",NULL,"2025-12-16 14:06:17","2025-12-16 14:15:18"
"61ee4b4b-95ec-49eb-992f-ca5a9d9635ea","clara.feest@gmail.com",NULL,"$2y$12$iP6V.zl0Wz/vxdkdyB9hfuFYCQY/uvZOYSgx7T4LPVayuLzVcIqNK",NULL,"2025-12-16 14:07:24","2025-12-16 14:15:18"
"62338791-315e-4765-8ea5-9833b6c395d2","stroman.kip@gmail.com",NULL,"$2y$12$8abW2yKdcCEP8foYjyJTqOLurd2TgRKUgakuD9WBq3CbMgTcnwMq2",NULL,"2025-12-16 14:07:21","2025-12-16 14:15:18"
"65e2cc6e-6dc5-4523-9ce7-ad9409c420f3","leuschke.jacky@gmail.com",NULL,"$2y$12$Hj5BKlDI7HTyuFNEwmRrLud0jCfphsh8au0mWg4Xpio10DgP1oiRe",NULL,"2025-12-16 14:07:32","2025-12-16 14:15:18"
"6698d29f-e38b-4523-85f8-0bf7a2efb614","sbradtke@gmail.com",NULL,"$2y$12$5a0/POnwOlC5J1S5shaBruqaIqDV/S4RrYAIuA2cinLGzPMZq61uS",NULL,"2025-12-16 14:06:47","2025-12-16 14:15:18"
"673e185e-b405-4a97-8c00-a052e4d887af","emmerich.della@gmail.com",NULL,"$2y$12$qOSVCkqb.ZZSF/QvVVXhgOxbd/i9pNTMn.2qjSnd3wgiPNlop9YdG",NULL,"2025-12-16 14:06:25","2025-12-16 14:15:18"
"698ada65-1fc3-4a3e-9b1f-1b695db7da1a","susanna16@gmail.com",NULL,"$2y$12$YekT5jm0SteC.GUUwK4XDut9kK5e3jJhFDrIJbmWI9i6a3BjXOYGC",NULL,"2025-12-16 14:06:59","2025-12-16 14:15:18"
"699382dd-ebda-49b4-a033-0481160f3c69","dorthy30@gmail.com",NULL,"$2y$12$nJl4C1vKVQQqJ1BrikgVKudaBWMj3qHYscSndiXcm3U3hNIC38ihK",NULL,"2025-12-16 14:07:15","2025-12-16 14:15:18"
"69abe040-1784-4e1c-a8dc-1fdae91a2e6f","lemke.roel@gmail.com",NULL,"$2y$12$iu7bCcJRSie7xO92ki87I.OpGA0YWE453tN4EfDt4R.Lt9Lo4dpq.",NULL,"2025-12-16 14:07:06","2025-12-16 14:15:18"
"69afd711-48aa-4571-b207-74cab595d1bc","athena52@gmail.com",NULL,"$2y$12$JLQpCgRl9pg07AZL/ggC9edyX7QLtGCPEJVQzyub594aKZr.7c0/G",NULL,"2025-12-16 14:06:00","2025-12-16 14:15:18"
"6a7b10ca-f7fb-4158-9ac6-579196c66e21","ofelia.kautzer@gmail.com",NULL,"$2y$12$ZD1.irFYtFjH3KXAj8qSGOeYcrhM/hZwtQrqPsjIrPh6LYugmp9xO",NULL,"2025-12-16 14:07:31","2025-12-16 14:15:18"
"6c1571fb-9df9-4884-aaae-0e41bbb32d41","jabari.oconnell@gmail.com",NULL,"$2y$12$ZKwDHzAOdyvphC4LPaIVPePum79skNmYkFeAOwtH84hmJenmvyxFa",NULL,"2025-12-16 14:06:29","2025-12-16 14:15:18"
"6c5d9861-969f-42bd-aaef-ca704eb38118","nconroy@gmail.com",NULL,"$2y$12$fplEMiwoK04ceq8ZbUD4P.rd45aZGVP8kUj1uTetDFelwVbJCpYX.",NULL,"2025-12-16 14:06:28","2025-12-16 14:15:18"
"6c72bb92-86cc-4093-8fcd-f0ba779db43f","rsmitham@gmail.com",NULL,"$2y$12$Jt2POlo.ZV1ugsix.smBhOa3LhZNvKODfj0mFpBtvAdAhNOrxyGZ6",NULL,"2025-12-16 14:07:39","2025-12-16 14:15:18"
"6c9df7dc-1eb5-4a30-8bb6-1f3306736adb","koby27@gmail.com",NULL,"$2y$12$jkOYLJSJhycgoDcRFf/qXe5IZ35jZ4gf44DcPPlDHHoW3/WuHZZge",NULL,"2025-12-16 14:06:12","2025-12-16 14:15:18"
"6cda7fd1-4a45-4d3b-aadb-4354ce6f5f3b","schumm.carley@gmail.com",NULL,"$2y$12$3R7TQI1UNttM2ZoR.kLrOew4qCKY3QkTQemsajyUlLZcv5z0m4viS",NULL,"2025-12-16 14:06:16","2025-12-16 14:15:18"
"6df0daf2-ea42-466b-87f0-af8bdb8f846f","chauncey.robel@gmail.com",NULL,"$2y$12$zuQjAwVrQr2TGIKAbmBBieodBZjOcIn7Oq5SSpE3P0tgEOPZqkb4y",NULL,"2025-12-16 14:07:05","2025-12-16 14:15:18"
"6eb05133-25be-4c8d-b0dc-35d2c6d65ac0","ronaldo76@gmail.com",NULL,"$2y$12$iiWQrbw4nf9G0Gtj7UYjaOKN1zU2wqeFmQP28tCIOoBo8L5vgnBkC",NULL,"2025-12-16 14:06:18","2025-12-16 14:15:18"
"6f14e9a8-dece-4632-939b-66699c8eea84","walker.jacobson@gmail.com",NULL,"$2y$12$L2fBXLBQG0/JLXZjL/1Fz.7EIml6lbKvZ7VrFXGZ6/KBgoYleM9Ga",NULL,"2025-12-16 14:06:01","2025-12-16 14:15:18"
"6fdfa5d8-18dd-4b8e-aa2e-bd28b7bde6bb","htillman@gmail.com",NULL,"$2y$12$TnRIY2FAz4Er5PZz1xFLWeHgKbC3I5rXsmgY6xOhDqSmQzlkwNsiW",NULL,"2025-12-16 14:06:56","2025-12-16 14:15:18"
"7032f6cf-0874-4373-86c7-0243f9d870ff","wherman@gmail.com",NULL,"$2y$12$08XrENRil.weWl8bdP/K..HdDLZfJQflfDXN7MO0JbQyDMpWhtYwi",NULL,"2025-12-16 14:07:06","2025-12-16 14:15:18"
"718818c6-a52b-4a9e-86ae-8b264ebbc769","krajcik.rhett@gmail.com",NULL,"$2y$12$S7SiREt.tj360qKhKhUMgupWJjMMDVclgGru/w6A0N9SOFj9D80IK",NULL,"2025-12-16 14:06:09","2025-12-16 14:15:18"
"7295a374-2fde-42f3-b8a9-d45b8621cf62","roberts.brice@gmail.com",NULL,"$2y$12$bfzsErFJlCXXaEFTsVhIQ.s/nec9Ex2JTLq3pJbctKawm6504R8Wm",NULL,"2025-12-16 14:05:57","2025-12-16 14:15:18"
"730d9054-625f-491b-be69-304bc29c7825","ddietrich@gmail.com",NULL,"$2y$12$4rWl3m4Ta7ja.NBdnELNq.cmJ6QLdGOBrbBxogLPsojhTsYWx/bmO",NULL,"2025-12-16 14:07:30","2025-12-16 14:15:18"
"7327024d-5256-456c-ae13-559b4db76522","jerod25@gmail.com",NULL,"$2y$12$DQQe9kHwlJ9zrNyoCUGuleDZPvKXtzI6a.ISgHNJ0t3DGTXNwnhPq",NULL,"2025-12-16 14:07:23","2025-12-16 14:15:18"
"737f3d02-96c8-4c73-9abb-1faf7207f6a2","fyost@gmail.com",NULL,"$2y$12$syT1AJ8K21/PwkwSm.0cpO3vVsy2Hvpxfyk0fkuHWN8VasQ9UMhtS",NULL,"2025-12-16 14:07:26","2025-12-16 14:15:18"
"73b6413d-fb2d-4720-9530-96895c38f404","ianderson@gmail.com",NULL,"$2y$12$mmxleXHtSSnxog9FRD001eEFl9vR6ISH8bUa8AMIYtaYZMm46keiG",NULL,"2025-12-16 14:07:06","2025-12-16 14:15:18"
"746ed516-74ea-4ea9-acaf-8b4176632143","lyla31@gmail.com",NULL,"$2y$12$FJX5xmypnKKIpK/OylTEke9xaptz4JZdZvOwEmyceqpR0DV1csM/6",NULL,"2025-12-16 14:06:53","2025-12-16 14:15:18"
"7559178e-a0bc-40d6-b3c0-775dc5275a60","susana.sporer@gmail.com",NULL,"$2y$12$8o8zUpoJqSV76btf4GKVDezUN6CKxVHiZcLjvLwvolHL5z8.MHJUe",NULL,"2025-12-16 14:07:35","2025-12-16 14:15:18"
"765c1f67-9a2f-4734-b36e-f39c3212cbfa","winona.auer@gmail.com",NULL,"$2y$12$RVx7QSTl3wEijYq6qPfgF.z9BYfkQ.toAWL9TkfiDlX9UWnIYM3aO",NULL,"2025-12-16 14:07:37","2025-12-16 14:15:18"
"76bc8a8e-c5cc-453b-8b35-54a1a95910bc","sid62@gmail.com",NULL,"$2y$12$Aqs2yfddSC6sOks9BmVZhO6nHaBiexoGuu1IKuG2rTpHDCXh0P9Py",NULL,"2025-12-16 14:07:19","2025-12-16 14:15:18"
"77a8ea84-ed62-4577-a005-a5c30822f804","patrick61@gmail.com",NULL,"$2y$12$ut4oPMa3bTuXMpJ.VSL.KO4dc989HfbieM7BQh9nsd7k4SRGlUTpC",NULL,"2025-12-16 14:07:18","2025-12-16 14:15:18"
"78ab3512-fd88-4efe-b3ac-0797df2a8504","nellie.howe@gmail.com",NULL,"$2y$12$fin0Aw9fkEKsdkxMdGoGouYXn9H07VpdsDy2cGzuUXYJPIBLrEn/i",NULL,"2025-12-16 14:07:28","2025-12-16 14:15:18"
"7aeb9d30-012c-48db-b739-f05399c9157b","hortense13@gmail.com",NULL,"$2y$12$rvEUO8VHazZ82qgXHlNuDuJwPVKObnHzjapoUgNOT7k/hzo407PX.",NULL,"2025-12-16 14:07:00","2025-12-16 14:15:18"
"7b8bd28b-d482-4e83-9934-cb1eef93a52d","ywhite@gmail.com",NULL,"$2y$12$9h/PvHJB7hNJuwS63YHneOOW4O7NjXkZD6maKF1p0Tl/Uk49Qzvaq",NULL,"2025-12-16 14:06:31","2025-12-16 14:15:18"
"7b9dd872-b02e-45cb-b94b-3b60118ffb20","mtremblay@gmail.com",NULL,"$2y$12$1nzeE7eUoAWr2Qu8S7XHa.RGkx4mcmHEVqWENbBhGeHdMWtm7uF3i",NULL,"2025-12-16 14:07:32","2025-12-16 14:15:18"
"7baae8f8-cd71-41da-8091-1cd028a222b2","ondricka.kali@gmail.com",NULL,"$2y$12$4Cily/VcNSGqiO7PT1HmMOzgWmzAN136nyDI1ZwparONlr9p2kUg.",NULL,"2025-12-16 14:06:58","2025-12-16 14:15:18"
"7bbb4d0e-4c5c-4e0c-9d74-1897c297522c","nikita36@gmail.com",NULL,"$2y$12$0oPGfDeuxZLkpEdxgS3xRe8Zm6dogsJhswHiKlHwUzjcb2qMAMzpO",NULL,"2025-12-16 14:06:55","2025-12-16 14:15:18"
"7bf0b794-2a35-4e8f-af11-0a827c79d588","gorczany.sage@gmail.com",NULL,"$2y$12$KJy0HQ42jdTrFg4zSNI1aeKYL4tV3tF/sJU/r7rg5e.PPcqR8KP/6",NULL,"2025-12-16 14:07:32","2025-12-16 14:15:18"
"7c7f715b-746c-46ff-ae5c-f03656c21be7","jasmin46@gmail.com",NULL,"$2y$12$PGPhKzVQDXBYdMzTR.W5BO6GNIfnwVoT56BNytxFPS.doP4poGsgi",NULL,"2025-12-16 14:07:28","2025-12-16 14:15:18"
"7ca2ce48-5e85-40c7-a43c-9fc047769658","liana13@gmail.com",NULL,"$2y$12$1FceSEk1GboxLkY8YFRfzO4P7FvGC96uxI1ia1hHgUnGAPd.kDfAW",NULL,"2025-12-16 14:06:51","2025-12-16 14:15:18"
"7cd2069b-3ae5-4ef1-a215-42b5fb90ef5b","nichole.rosenbaum@gmail.com",NULL,"$2y$12$ZZtAu7pMBCrCLfkwxq/72uaAz/2j5203Z1omb1unGybu1i.fZ7To2",NULL,"2025-12-16 14:06:50","2025-12-16 14:15:18"
"7de0299c-2085-4e6a-a311-651bd9d6ba31","bertrand25@gmail.com",NULL,"$2y$12$SCgTA/w087vy3fYVTr.fXu38TQfDFXaeZJd15S7WUkIFgBZXHWrX.",NULL,"2025-12-16 14:06:25","2025-12-16 14:15:18"
"7df6371c-ccc3-44c0-8e92-e17d8e0c44d5","madisen62@gmail.com",NULL,"$2y$12$wW6XnjhMEH0e6WJl5nVqSOUFCjxLLsT9MXi3v9aKPAwIfhNyRYlcm",NULL,"2025-12-16 14:06:56","2025-12-16 14:15:18"
"7eb3c6d2-76fe-48fe-a612-14bd6c130e2b","kaya85@gmail.com",NULL,"$2y$12$4mkNIDAhtxj.X.tWa.07iOi2nRW.fDo93EeM61OoEIhH4ONf6si.i",NULL,"2025-12-16 14:07:25","2025-12-16 14:15:18"
"7ec89cf2-5693-458b-8290-a8fe33f909f6","christ.labadie@gmail.com",NULL,"$2y$12$H6edpQcibhfIGwBX.Ps68.C0JEuV3p4B6ddd0uDJUAqh0XZDDiQxS",NULL,"2025-12-16 14:06:58","2025-12-16 14:15:18"
"7f8ba569-26fc-41d7-95c7-5236d40699fa","kenya86@gmail.com",NULL,"$2y$12$i2FN5b5tb.hg21qmYRBJ.u2dtF3D5Kf93LUNrNrSI5Ywb4eeQ95kG",NULL,"2025-12-16 14:06:14","2025-12-16 14:15:18"
"80339e0a-f581-4f91-a8e8-7d8a39c28a81","smith.corbin@gmail.com",NULL,"$2y$12$54bKFczTXliLHibSQSSA.edfuYC.5FeRTZsHXhCgKjuXq9zbWqGsO",NULL,"2025-12-16 14:06:36","2025-12-16 14:15:18"
"817fe551-3b8c-4329-9f0d-f619e0277210","farrell.caitlyn@gmail.com",NULL,"$2y$12$US2beFy8Mcz6GiBemf1adeNZd3uqyCfVp5UpfEgpZswnzvoKRO0xy",NULL,"2025-12-16 14:06:23","2025-12-16 14:15:18"
"825d0f49-1d2d-4264-9cef-f14307f34073","kassandra.barrows@gmail.com",NULL,"$2y$12$7/541Sp2OXSGbtjkYHSdSOXeWEtFV/BA9ctE1bM34Zn2Uga5/M7Ke",NULL,"2025-12-16 14:05:56","2025-12-16 14:15:18"
"838b235d-66ba-4f0c-a0cf-16f4687c88af","luella.hilpert@gmail.com",NULL,"$2y$12$2YVP0qNZL32Fshsmwkv6Ae7vrZd2bLuofSMPoBwLOvASZ5uydSqNC",NULL,"2025-12-16 14:06:52","2025-12-16 14:15:18"
"84f04190-ff3a-4492-9ddc-20f6ea6d4364","nwaters@gmail.com",NULL,"$2y$12$UtJHD1.7wjii/MX.jGJwku8tOmCVggUbye0D9oHl6nymaYh0qYOCa",NULL,"2025-12-16 14:07:00","2025-12-16 14:15:18"
"85485a02-f643-40de-80bc-b7b1b407293c","albert76@gmail.com",NULL,"$2y$12$rvagKtn6yYuL0/osy/gzC.CXD7wb1MMgnGcFxf32LqgY40gK7A50a",NULL,"2025-12-16 14:07:22","2025-12-16 14:15:18"
"85b062b2-8f5a-4286-b153-4acf9c669110","america.yost@gmail.com",NULL,"$2y$12$G4re.3CoSiSP9pQZFsfqTOXN40ACSmXAY4H38ZN97GfYBMZCzeCJu",NULL,"2025-12-16 14:07:14","2025-12-16 14:15:18"
"863eb050-f5fc-4544-aff4-dd40bf656131","wschulist@gmail.com",NULL,"$2y$12$6FLxLaSFIOBpcyIl.C/e1epxvNoYHVVhLB5T1NxhaNqB4esVkjPpO",NULL,"2025-12-16 14:07:12","2025-12-16 14:15:18"
"896c0654-0526-475e-bf68-a97fdb710641","dicki.colin@gmail.com",NULL,"$2y$12$94VtRi0cFzBivk5pKMXVpuEwv2nlMwlRyC6qdROT96K1UgBRQvTBe",NULL,"2025-12-16 14:06:33","2025-12-16 14:15:18"
"8aa320c1-b8fe-4e4f-bb5f-da7ef0c914f0","ilueilwitz@gmail.com",NULL,"$2y$12$VFGEd7fHIwLgkZCLQKtj6e1nGWpfGrSRY3LZuCgKVGWQjdBS4OPjG",NULL,"2025-12-16 14:07:10","2025-12-16 14:15:18"
"8b2fd506-224d-46f0-b43b-f741fc8aa27b","gorczany.isadore@gmail.com",NULL,"$2y$12$4vDCIveo8rLjGI2uY6iMZu3.zHdGxEQ1d2tvvSIOHFdyygRO4c1Rm",NULL,"2025-12-16 14:06:28","2025-12-16 14:15:18"
"8b781e11-47de-4b13-815e-30f99936f503","minerva17@gmail.com",NULL,"$2y$12$AzfWWcQrOBOBbxjx1ttqp.IR2vv50eoLx7hfdyzh7mGAvQwKJHSrS",NULL,"2025-12-16 14:06:09","2025-12-16 14:15:18"
"8c554789-edb2-4ae7-9286-5747839206c0","jacobs.marjorie@gmail.com",NULL,"$2y$12$iImdaGEb4AvUoYuWfsCXUuGw8NNvPNktdi6cIhSH/mPt9etZfRPIi",NULL,"2025-12-16 14:06:45","2025-12-16 14:15:18"
"8e702ee9-92f7-42ad-a6df-5fc78127c649","will.delia@gmail.com",NULL,"$2y$12$v0udalYvTSsmNlBKxtJwWemGfUOp0uHeYV.xcecFgNuDiwjJp3DYa",NULL,"2025-12-16 14:05:57","2025-12-16 14:15:18"
"902759ad-5f51-4069-b1a9-ed04454bfd96","warren.kohler@gmail.com",NULL,"$2y$12$4dnGdV55VpzX7T8AxDj9bOr9jE7F22iBy9VRb0upOnCaZ5dZs/96G",NULL,"2025-12-16 14:05:59","2025-12-16 14:15:18"
"90a0b281-2ff3-4426-8e8e-29fb79312b13","qbrown@gmail.com",NULL,"$2y$12$Pu1M3He3vUh3Rl9Dg0QrI.wcZoA7AyZlDRSNskOKvfW36WYOwCAg.",NULL,"2025-12-16 14:06:48","2025-12-16 14:15:18"
"91215778-0743-4071-a016-360898195d2e","gleason.lorna@gmail.com",NULL,"$2y$12$HZ14i/k94ucAo9XxEpd.3uj8N0XjN1MXlgUsdcXZqvdj2v/Azb/he",NULL,"2025-12-16 14:06:07","2025-12-16 14:15:18"
"936f33f2-ca06-4d25-9b27-9bc20f5fe74a","ymurphy@gmail.com",NULL,"$2y$12$q23X1HU.Za6sVagmo2MxTOh81C8eRjmAlPVvgsmQ/MNdMvivCW7za",NULL,"2025-12-16 14:06:29","2025-12-16 14:15:18"
"93a23bed-8b06-49ef-a12e-637dcdf02ae9","wyatt.rowe@gmail.com",NULL,"$2y$12$Etf9.yQ4/w028ebM4GJ6fepvU228tD2tvaTJHS6EEiqA8B1R9VF9K",NULL,"2025-12-16 14:06:41","2025-12-16 14:15:18"
"9532ec15-449b-4088-affe-6f66525ac360","hkris@gmail.com",NULL,"$2y$12$wnWKLqH1Ge2F2QTyZkPaXuP.qRG8BJfLiKqUnxLcpc/priZtHVtk6",NULL,"2025-12-16 14:06:29","2025-12-16 14:15:18"
"9633f64c-8626-43aa-9246-72ea39be4484","vbernhard@gmail.com",NULL,"$2y$12$HKNnNvA0DpTiZHgBQEoPMuqMUwDHikaY5VKwIyIPun3J0kG.6KWRe",NULL,"2025-12-16 14:07:20","2025-12-16 14:15:18"
"97fb2e52-1381-4f53-ac82-8cce5ed34232","bschmidt@gmail.com",NULL,"$2y$12$mjlGeT2yjhM9POAmrQRQ8OaJCIqMKrtv/FbcTL3X9j7lhjMtEQAmW",NULL,"2025-12-16 14:06:32","2025-12-16 14:15:18"
"992e25e3-c932-4ca7-9f75-11e6a41393d1","charlie68@gmail.com",NULL,"$2y$12$a1CvnecBVpmBrxcOEiG6weDnxW3.kP0a4CuiEorVJZgE03x/YQP4G",NULL,"2025-12-16 14:06:20","2025-12-16 14:15:18"
"99c5a7e4-c96e-48d4-a7f8-c71268e5162d","gerard.stiedemann@gmail.com",NULL,"$2y$12$YIGdZbNwhyvHO6/ktJ4Kd.z4Q8tYs8icv6PhQeIXDvoQmYS1Ayg0S",NULL,"2025-12-16 14:07:38","2025-12-16 14:15:18"
"9b796ec3-066c-4fd8-867c-9de3c95d7ca3","tremayne52@gmail.com",NULL,"$2y$12$imr5aGlHc3Z.JoabAzwWaOGTL67VIAZNtnJNMt/N862J/wJ9bvpHC",NULL,"2025-12-16 14:07:30","2025-12-16 14:15:18"
"9c259496-c2b7-4d4e-a44a-83e3201885a1","ernestina.sipes@gmail.com",NULL,"$2y$12$iidmupOXOtTNFLaPHwQ.AOy.262tOcjTqs96kxtvJ8EOrWLavoUP2",NULL,"2025-12-16 14:06:46","2025-12-16 14:15:18"
"9cf8ab72-181a-4ab8-a853-af73542c8604","mconroy@gmail.com",NULL,"$2y$12$DdBgKT.gZGmJUQCBA6J4/urd/LaBX.6029P1gfBJnu4brgWGNHkwm",NULL,"2025-12-16 14:07:07","2025-12-16 14:15:18"
"9d7d232f-b42c-4553-ad5a-fec5f761c420","dee27@gmail.com",NULL,"$2y$12$SHqWyufJ8NMaauqZI5zsOui9mM6.4QRrKFoIXMMiMo3r27K9jtSRy",NULL,"2025-12-16 14:07:02","2025-12-16 14:15:18"
"9f1e1367-1058-409f-a5bb-ca398211a6b8","kade.stehr@gmail.com",NULL,"$2y$12$ASYMGNmZ9n8/uP0pRZgFguRdBgwWuRRJIeTEIOinz/6W6jqlqdTJ6",NULL,"2025-12-16 14:06:15","2025-12-16 14:15:18"
"a01c35d9-6dfa-4ef5-a3b1-cf495242cb10","letha93@gmail.com",NULL,"$2y$12$y1C5Yvot454DTibqXqxjceI2kvBaeDTJ7NT6vzCixWBDcrfX5k41q",NULL,"2025-12-16 14:06:26","2025-12-16 14:15:18"
"a0f04176-5bd8-42eb-b58a-b328a18de6bb","abshire.dylan@gmail.com",NULL,"$2y$12$6DIv/WdxNvnBhYJ3Bw9CNOM7xjvyuP9ODpOfDHDRNnnB4VDuum9ce",NULL,"2025-12-16 14:06:31","2025-12-16 14:15:18"
"a193f5e8-db5d-423c-861b-99b314e6e7c6","weber.abigale@gmail.com",NULL,"$2y$12$dtWkeXAayBRkMsDsxHpz8uhyEc0hCTBs6FjP9Tbt4L70OQMX9WKam",NULL,"2025-12-16 14:06:42","2025-12-16 14:15:18"
"a2932809-7b7f-4637-b65d-e05558321983","franz17@gmail.com",NULL,"$2y$12$kWzcJI4XOovyS3sdEFNK4eEbYMQPG1pXaAUAmj4BlErMpZ9UKLuW2",NULL,"2025-12-16 14:07:15","2025-12-16 14:15:18"
"a42f1426-06b1-4040-b2ca-061aac79400f","bpaucek@gmail.com",NULL,"$2y$12$JwTt6X2HWAwlcEd/9L9XNu.ETSnBxzL9/mw5KgsbAqAUmDunjXMgC",NULL,"2025-12-16 14:06:38","2025-12-16 14:15:18"
"a501d1ce-00d6-48a7-bde8-20e5e297bef0","raymond26@gmail.com",NULL,"$2y$12$WVU8dKoen.wFCgsn3AvkwOHBzu.mwDqVwJ185XOUWeP9U5xUy6VHe",NULL,"2025-12-16 14:07:11","2025-12-16 14:15:18"
"a72f24d2-0b6d-443a-8573-6c849f10abbf","rico65@gmail.com",NULL,"$2y$12$LttmLRkrR6rdTDz.Gqpyvuu41JK6SsnhjSbY8ExFkt.dzhASa4wm.",NULL,"2025-12-16 14:06:28","2025-12-16 14:15:18"
"a80d7ca7-2dd2-498b-b9b1-f23a3850ccc5","medhurst.flo@gmail.com",NULL,"$2y$12$L80HkeSkqtYpbJ9BKkoFKOQpHKpsHSuFgk86iwRhjrMMCDJrER4a.",NULL,"2025-12-16 14:06:21","2025-12-16 14:15:18"
"a846dabe-8189-48da-89de-0dcd905ef98f","ben.pouros@gmail.com",NULL,"$2y$12$ptQ7juMKGUd57ZlKNkHCMu.9pPuAWTV53uorN5ckpHCMoq8dYM9m6",NULL,"2025-12-16 14:06:08","2025-12-16 14:15:18"
"aae16571-b269-4c0e-89d8-f3a151feb290","barton.dayna@gmail.com",NULL,"$2y$12$hQz/2VG99kJrq.YgrwzppepUqHzD430AJug5igxCuWiOcyoiTMyzS",NULL,"2025-12-16 14:06:00","2025-12-16 14:15:18"
"ab74d858-e8aa-4acb-9f72-ca635125e586","miller16@gmail.com",NULL,"$2y$12$b5ZHSMUF.5f3qnVnp05DK.mjfZQIb8rM4KufX0rFh5nKVldgEFXPW",NULL,"2025-12-16 14:06:30","2025-12-16 14:15:18"
"ac641a82-8ccf-4063-9eb1-fbae13e4b921","wehner.reyes@gmail.com",NULL,"$2y$12$C2/6Rtw5mgyxVeXbSOCDourcxJXghzZ.FUaJyqc5Z2COxyajHmUBy",NULL,"2025-12-16 14:06:51","2025-12-16 14:15:18"
"ac95e698-b959-4d0e-a214-b6a09a76e907","elang@gmail.com",NULL,"$2y$12$UG95eJAo8FIfLPhDLxuwnOoJAqsra1hRgzN1aNVvF1W.EmLHnSNTq",NULL,"2025-12-16 14:07:13","2025-12-16 14:15:18"
"ad038df4-9888-4f3b-acf0-3f90b26a8c16","otorp@gmail.com",NULL,"$2y$12$jjI9xeK8Uj4jxrb4WwjWoe9HO.HMiR0aAYrzcTpV/tKQvYEPZ.PjS",NULL,"2025-12-16 14:06:27","2025-12-16 14:15:18"
"ad2c9911-18ff-44f7-88dd-efe87f517baa","nnienow@gmail.com",NULL,"$2y$12$ndchg6n5zo2uT/6ZEh/Fleq2iiUZBVwsxEcq4bcpMmfZnDGycQ4Bu",NULL,"2025-12-16 14:06:27","2025-12-16 14:15:18"
"adba7401-bc33-4c6f-9981-f1a5fac21a36","qfeeney@gmail.com",NULL,"$2y$12$HMlG387ijFYmPDX9JnqwV.b2MDNL8GH/7Vjed9irsy7z.aiXpUgA6",NULL,"2025-12-16 14:05:56","2025-12-16 14:15:18"
"adfdd795-ee82-40f5-96e2-de9717f3e842","pat03@gmail.com",NULL,"$2y$12$UcVVvKEj1nzc7aOpduj2vuQuTVvAnP96/gPOlGgeTtu9P1CVvwjg.",NULL,"2025-12-16 14:06:16","2025-12-16 14:15:18"
"aed2f45f-1d11-43dc-b473-d9c9de141e25","lang.payton@gmail.com",NULL,"$2y$12$nSrbkfU/f3CKVnd3N/wPwuvJerEFIVEQ7ClrjTNM8lLQzkXZ1vJN.",NULL,"2025-12-16 14:06:57","2025-12-16 14:15:18"
"afc50054-c35b-4c96-ad5d-0ea054aa80db","alana.blick@gmail.com",NULL,"$2y$12$ZYw3xB5vvxASeJUr/L/XuuQd/ar0MxReiGnaJ.njlhGnmRKlY7aem",NULL,"2025-12-16 14:06:34","2025-12-16 14:15:18"
"b0bb273d-70fa-4293-b3a7-c31b43fc0a56","sylvester80@gmail.com",NULL,"$2y$12$R6gI9tcwNHB3gf.rSWH7SOJHEfBzv7.QPofHpFumAwaNhtYZhMNUW",NULL,"2025-12-16 14:06:08","2025-12-16 14:15:18"
"b2346d0e-e577-45a9-aae1-40c1e1d0aeb1","kbashirian@gmail.com",NULL,"$2y$12$OiEDhHxr18X6yVXREkkODeCfAyWHGPvg4.VuFw1QL/uoILO..w0o2",NULL,"2025-12-16 14:06:12","2025-12-16 14:15:18"
"b2e324be-a992-4198-89e1-a46db07f7039","griffin61@gmail.com",NULL,"$2y$12$Sdf0wI01PqrsjeMa6bPSQeMESBfeEIQL2Eb4VtdpOLjK8DnawNXdG",NULL,"2025-12-16 14:06:35","2025-12-16 14:15:18"
"b506023f-ff8b-44c9-ba76-1a978438adc3","aaliyah.toy@gmail.com",NULL,"$2y$12$B6vxEE2WyIQNk0Xzga1HUe5Xry7MV767uFyn2ZSEEmtIY9YxCPUvG",NULL,"2025-12-16 14:07:36","2025-12-16 14:15:18"
"b5744ac9-a9e3-4cd7-8177-1f701871f809","uboyle@gmail.com",NULL,"$2y$12$Fhcb57dDvH9fv3EK3zZIyuurtBZ8ajFOQ3TKr8g18QQ7Jq5v3DAky",NULL,"2025-12-16 14:06:20","2025-12-16 14:15:18"
"b5ebbb6d-bcf7-4d1c-bf6b-7147553e1e1a","hilpert.daija@gmail.com",NULL,"$2y$12$82kWNz9JlR4LcQp5beqnte333eqxzheC1tYocjRtbrPD3gCuHoorW",NULL,"2025-12-16 14:06:33","2025-12-16 14:15:18"
"b83280b5-6462-43ee-b18a-47073ee5a079","berge.eliseo@gmail.com",NULL,"$2y$12$tQEEdABTgjFgsy6.OcYAbOnYZDwvFh4lzX/XCxFeORjual1vR5/o2",NULL,"2025-12-16 14:06:45","2025-12-16 14:15:18"
"b874e56a-8886-48aa-aeee-5b66a823613b","emily76@gmail.com",NULL,"$2y$12$VXQ1C0He5kylMP2abDw5i.8a.Cc2cidkbsKko4ySamhsG6DUc6AOW",NULL,"2025-12-16 14:06:32","2025-12-16 14:15:18"
"b88017d5-aa02-4b0a-9514-2241fa386520","molly28@gmail.com",NULL,"$2y$12$bkemQsCy/Evskgv6zNNXhuLbk15a2kewL4M1WKWi1O9G1Yy0ip3.i",NULL,"2025-12-16 14:06:56","2025-12-16 14:15:18"
"ba0cc4b5-770b-4f6f-9005-b52930bf36bc","wuckert.savannah@gmail.com",NULL,"$2y$12$faAmhzgCn26TlvLBLQVK5Oaaj1YQSja9w3ECFU2h24heeByXOxGAK",NULL,"2025-12-16 14:07:25","2025-12-16 14:15:18"
"bae28567-5a5f-4f27-accf-7b9bed9a25a8","carter.alysha@gmail.com",NULL,"$2y$12$N6tcoe/tCDG.P8OC33O61.Zi8z/osPwknzFr4p5RL5xySBfB4pu6a",NULL,"2025-12-16 14:06:39","2025-12-16 14:15:18"
"bb99b9c3-e5e5-4dbd-9d4f-36e03a61819a","fernando.ullrich@gmail.com",NULL,"$2y$12$EC.AGPpv0TzqEfWkc2GdCOSn8ZID0QY7gXLkgijVRN9ck7sJTVY9W",NULL,"2025-12-16 14:06:40","2025-12-16 14:15:18"
"bbb0602e-e032-47b2-9c6c-eeb5ae5c9fa3","wanderson@gmail.com",NULL,"$2y$12$PRtsbTXTxSMDs4hoM6iRquvicjNob09jPSwDS3vry2wbcZ0SdH7aS",NULL,"2025-12-16 14:06:00","2025-12-16 14:15:18"
"bc44efa2-82d9-4180-8c6d-99a6ee5f69c1","ubaldo08@gmail.com",NULL,"$2y$12$9QJQu3.has6D3pTZ7Avy..n4QNqOpk6/wNwXl2SmtE2MaRzYal0.G",NULL,"2025-12-16 14:06:04","2025-12-16 14:15:18"
"bc47dded-45bf-450c-8a7e-1c477e53b8ef","leon.shanahan@gmail.com",NULL,"$2y$12$42cVxjS/SLKq8VBCepkFL.IJMvisUNz8yQ/WjrbBA0f2KDDCq4Fvu",NULL,"2025-12-16 14:07:38","2025-12-16 14:15:18"
"bce88379-ad1f-4813-a6b2-1154412eedbb","lelah.weimann@gmail.com",NULL,"$2y$12$eFCrr.HcQRb2RsE88eeYd.r6LANdqFkmNMT0giWuuVLPqQsnXyKE2",NULL,"2025-12-16 14:05:56","2025-12-16 14:15:18"
"be30ef86-d80f-4205-91c3-997c8fdaccc6","mwalsh@gmail.com",NULL,"$2y$12$gIpx.UNTZnyh29VCCcL.UuOaFadfCY/VtfCumT0tKW8DqVKa4RofG",NULL,"2025-12-16 14:07:19","2025-12-16 14:15:18"
"c37ff475-39cc-413d-937a-fa398a2913c7","langworth.vito@gmail.com",NULL,"$2y$12$f6iP3n03XKFjPxvaOpAzR.9bEYxe4P6A73NLxmG1U3FZBB9BvHAt2",NULL,"2025-12-16 14:07:27","2025-12-16 14:15:18"
"c406924d-d147-4abd-823e-5e43ad2d2c9f","nwatsica@gmail.com",NULL,"$2y$12$JI7BIA7ryDn.hFUs74F6eeahXguZb70Rb0THgEbYJm3ta/41/WJjK",NULL,"2025-12-16 14:06:18","2025-12-16 14:15:18"
"c4fb499d-1b5e-46fa-8a09-8cb84f9db2de","jerde.terrence@gmail.com",NULL,"$2y$12$R2z..v5OIPC2EbRGHifut.KdhOYlKm3klmcMY4igMpac3lJAcid9.",NULL,"2025-12-16 14:06:35","2025-12-16 14:15:18"
"c51158e4-0c84-47e2-bcee-1aab46e1053a","thurman.gorczany@gmail.com",NULL,"$2y$12$q0brTQozkjAzndkQkFjrxuSMR4htYPA3.JDARJ2P3tvG/SWhxKQHK",NULL,"2025-12-16 14:05:59","2025-12-16 14:15:18"
"c5733f2a-5445-4265-a406-cdc824b70d10","rachelle74@gmail.com",NULL,"$2y$12$1DYoQJ5WmgK/b3jPXHG4XuQFjDOwv2.KxHYxXj8jNYSDn196yqFia",NULL,"2025-12-16 14:07:04","2025-12-16 14:15:18"
"c5dc1c1a-61eb-4043-9f6d-288b89428adf","curt51@gmail.com",NULL,"$2y$12$H3dsNjC9g3XOpfS0K/y04exOQoWbsIrgaztGCJCjiYLDyQP0ylAT2",NULL,"2025-12-16 14:07:04","2025-12-16 14:15:18"
"c637b71a-6ac6-4dc2-bfb5-75e1b605fdb2","bernice01@gmail.com",NULL,"$2y$12$zduWlbjZwGk7j0EC9oJV4u7LpEUfZQABAvZXmqn3NOCR2bG1tTj8C",NULL,"2025-12-16 14:06:33","2025-12-16 14:15:18"
"c648fc83-5fea-416e-be47-2bf944df197a","hailie33@gmail.com",NULL,"$2y$12$llOkPu8Mt7dmaDhZQBZp7OOvwtnW7X28eRDjdLBoBMSlRO/IYnzP6",NULL,"2025-12-16 14:06:07","2025-12-16 14:15:18"
"c66a6c12-95f0-4da2-b99e-3ec0e8d8f540","ndaugherty@gmail.com",NULL,"$2y$12$I2.//bdHMbMKNDbx2JFuPuCQl8sW4Fq2cyiLfVcSj4jRisrxBylQC",NULL,"2025-12-16 14:07:33","2025-12-16 14:15:18"
"c8314689-9cc6-42ce-b4d5-da8db71eb301","janelle.rogahn@gmail.com",NULL,"$2y$12$6oUGHj/dlnmsHpHKhO/CcODGhMij/t1mx5d5gwYiFOYkpFNaxWltC",NULL,"2025-12-16 14:07:13","2025-12-16 14:15:18"
"c8856e6d-9021-4dc9-a9ac-1c7d523b34ff","ryan.arnoldo@gmail.com",NULL,"$2y$12$696LLwlj1iUJmIOhPldsV.YW34lwoQHnjBI24tGEtnKp.r1pY20LS",NULL,"2025-12-16 14:07:41","2025-12-16 14:15:18"
"ca267d29-8f59-47f7-b6a6-225cfaae3834","kiehn.colleen@gmail.com",NULL,"$2y$12$sLWJ6/mJSRA6i349JDEIXeUyBE0q/yAMPdHU/PY96NgQa6EziqYMS",NULL,"2025-12-16 14:07:18","2025-12-16 14:15:18"
"ca9e3bf1-32ce-48ec-a596-ff4691f01d64","johnny57@gmail.com",NULL,"$2y$12$lxMzSecK7DnFcs21BMmWcepv5Ydrsv4w4rEYI9o6YBiBjLyx9U8Rq",NULL,"2025-12-16 14:06:42","2025-12-16 14:15:18"
"cb663842-4a53-4159-a53a-9dfbf1a084a9","witting.aubree@gmail.com",NULL,"$2y$12$bzMI8xR8jNtR8kWjVUa3uurgjI75WrrhvEdVqU4RvNsGZi.G.Rrfi",NULL,"2025-12-16 14:06:36","2025-12-16 14:15:18"
"cbb4cb89-567b-4b69-8faf-b423dc69e472","uoreilly@gmail.com",NULL,"$2y$12$tjoUa.ZEOajibwebYFoLnOb6I3fdJFIKrgB8AN/gqVnhmS3hClksa",NULL,"2025-12-16 14:07:13","2025-12-16 14:15:18"
"cbd11aa1-aed7-4f23-b7ed-6ec8d2f61acd","dach.kimberly@gmail.com",NULL,"$2y$12$RVcv5FVVvCybGUSkaoXD0.i6juUkjO0L627RbNUIYC.QuUT9IsyAC",NULL,"2025-12-16 14:07:20","2025-12-16 14:15:18"
"cde651eb-5a3c-4938-baef-c0bdfbe842c1","wgreen@gmail.com",NULL,"$2y$12$IGdpbXzVIns77ifn9bcMpeHzPSS6LFk/DtkeGLhocxxsW3KS/mssy",NULL,"2025-12-16 14:06:30","2025-12-16 14:15:18"
"d005fa6a-5415-4eb1-89e5-f4bb38ca99e0","chester.bogan@gmail.com",NULL,"$2y$12$dRp2FOAP4xFvXToLFeHtG.T8ypHd8aPF1ic8V.WzlXqLts2N7Wb/a",NULL,"2025-12-16 14:07:35","2025-12-16 14:15:18"
"d04f3680-0e64-41a8-9d36-715d9cc5e999","aschneider@gmail.com",NULL,"$2y$12$ZWOEu92HTG6MBlKtHFk5M.JlEwWZLO10bVUopTnwBKk0mi7e0pl3a",NULL,"2025-12-16 14:07:01","2025-12-16 14:15:18"
"d09bd2de-42f5-405d-9687-a7903cc367a7","ursula65@gmail.com",NULL,"$2y$12$7vDpd8wB4W8TeOaykQJOCuZS.VCOX83zCrppyoL/Xt.Ve7BEsf.Ia",NULL,"2025-12-16 14:06:55","2025-12-16 14:15:18"
"d10d414d-cc81-4f0c-ad9d-183dc60204de","vwhite@gmail.com",NULL,"$2y$12$T9RWO07h7s43GN8cTOrPm.GnIf8gXOzZvA1JbgaONXK3jyc1UqHdW",NULL,"2025-12-16 14:07:10","2025-12-16 14:15:18"
"d16fafae-cce9-46a4-961c-d0a45851694e","kiley47@gmail.com",NULL,"$2y$12$AHoMv8s/6eoF9kx12wMGf.MALPKLuAzj2AutLs5G5zkHZ9CK/PMBC",NULL,"2025-12-16 14:05:58","2025-12-16 14:15:18"
"d24b87b3-ac3c-46d8-ab2e-612f76a465ec","jaron.haley@gmail.com",NULL,"$2y$12$mXXO0pjpCRkdfX/Es6O8LOS/WUrmEatRslZwpxt.UWXlyR8JsM4fC",NULL,"2025-12-16 14:07:14","2025-12-16 14:15:18"
"d2940d44-331b-45bc-94ca-89079bb4a89d","vilma.graham@gmail.com",NULL,"$2y$12$gwKGycaFhMUeG4vXG01YierE8j9hl2fRwTzIaxLOHwV0IdZwIxno2",NULL,"2025-12-16 14:06:04","2025-12-16 14:15:18"
"d472adf7-0de4-4133-a476-c2cf63aaf10b","jody21@gmail.com",NULL,"$2y$12$feMIY7z8MqEUntrXyZCj2OcDvlYNlpNmnGO3IaCBV413R6q.e.G.m",NULL,"2025-12-16 14:05:59","2025-12-16 14:15:18"
"d48aeb5b-670c-4282-912a-963c9347f5d3","hgottlieb@gmail.com",NULL,"$2y$12$pZVM2A2PFtwylxHq/qyJ3uufUlVNDGd3DdWvudEZNWpAZcEmvSh1S",NULL,"2025-12-16 14:07:15","2025-12-16 14:15:18"
"d4ce4d03-be61-4d2b-8c2a-afe3b111a51c","ruecker.araceli@gmail.com",NULL,"$2y$12$Y4VHfTpwqOGRSxVkE28ZPuMM6d6N6MxDf2A5s0Kcoou3xtX6kd8ym",NULL,"2025-12-16 14:06:52","2025-12-16 14:15:18"
"d5971bbc-42e9-4bb3-a8ff-898398c43ec7","greenfelder.cornell@gmail.com",NULL,"$2y$12$ph0JVrJBEsByOAO7zR0L6ODFsRmsfj5KXhbvP2781krBqRmI742vW",NULL,"2025-12-16 14:06:38","2025-12-16 14:15:18"
"d5aff333-6af1-49ef-a909-cddb49033583","esta.altenwerth@gmail.com",NULL,"$2y$12$h93WWlIDyoemCubgCTDDuO2glAwQRbKWaxLKWeIk.rAxfblvuCoze",NULL,"2025-12-16 14:07:30","2025-12-16 14:15:18"
"d65d05d8-09f8-4a3d-924f-1940cc3067dd","hamill.elbert@gmail.com",NULL,"$2y$12$7viXIn/qWqX4FPsL5HGKr.kDTBORBBm.BjlW/9gAuHBA46.4GmocS",NULL,"2025-12-16 14:07:01","2025-12-16 14:15:18"
"d6f66f55-dd3f-43f1-8339-62708f3b750c","makenna13@gmail.com",NULL,"$2y$12$GKj..9v2JYmXlaZ4Z2Dnve.nHbCry4Pkc8o5PPKQRRBCIox8YsVOu",NULL,"2025-12-16 14:06:15","2025-12-16 14:15:18"
"d959db27-bd18-4e92-97f8-bf4840c0fb4c","jprice@gmail.com",NULL,"$2y$12$YwYtbTaHnjwD5bSo6PQpaelu8ss.WHvc2ckpvDoMkbc2Go8yq82gK",NULL,"2025-12-16 14:06:44","2025-12-16 14:15:18"
"d9e42add-95f1-4c94-871e-1601cab1eb51","renee27@gmail.com",NULL,"$2y$12$ZJuN1X8B6LU3jTwsnGMKde7TzY97EOApVDIkoSOtadbKa6/4T2fNm",NULL,"2025-12-16 14:07:04","2025-12-16 14:15:18"
"d9fd4595-05c5-44c7-a4ad-d0289c833c39","kwiegand@gmail.com",NULL,"$2y$12$bg51YGSu60noBkFGKZKSHeJX9Mbo6yWW/2SeL7n.xsmj2jqOwJok6",NULL,"2025-12-16 14:07:22","2025-12-16 14:15:18"
"dcfa08d9-952c-4b3b-9976-db71d233c9ba","rowe.marge@gmail.com",NULL,"$2y$12$/m9mcfqfZD7cP4Bzba94qO7THLaKWDvzZe.KVe1yw5yWN4WUCoxb2",NULL,"2025-12-16 14:06:43","2025-12-16 14:15:18"
"dd0d6bef-47a7-4041-bc20-d6d72a555ea5","ullrich.dustin@gmail.com",NULL,"$2y$12$z.RM8askSqWn5Kb3tl7YZuOFR9cfSGPPCEqqzuWLT3qdDghj5P4JS",NULL,"2025-12-16 14:06:50","2025-12-16 14:15:18"
"dda928e5-6e48-4aca-a9e6-e71e87606be1","sigurd.monahan@gmail.com",NULL,"$2y$12$8uiMHxDPI.GbgFmA5/OIhuPgRh75Rp46lRzL.YsgqSql23qXBJDI2",NULL,"2025-12-16 14:06:10","2025-12-16 14:15:18"
"ddaf9ebd-e0b7-4c97-aecb-a6cdc066f3d1","hermina.huels@gmail.com",NULL,"$2y$12$I8UcNtVTb0hOx8dowHcUgOcudhHjiQF0K/tRKXoNyEilKf8u4JqUe",NULL,"2025-12-16 14:06:52","2025-12-16 14:15:18"
"ddafc176-3e71-4e79-a19a-e79ac6235150","morton16@gmail.com",NULL,"$2y$12$kXTAILPgeBLBfCh4qU1ZlOrCx4a7c9NaSm202Z3UrjsFhzDOqpxf.",NULL,"2025-12-16 14:07:17","2025-12-16 14:15:18"
"df1f5f29-04c0-43da-8d11-26a148a3d9bf","bednar.madisyn@gmail.com",NULL,"$2y$12$JGs.2lDzfWPMoae8OPCDoeSxqQamG614ESXMpxmxVHbIeXYyfQu4q",NULL,"2025-12-16 14:06:05","2025-12-16 14:15:18"
"e0783c90-e641-46c1-b472-983f9bd34bb3","ratke.king@gmail.com",NULL,"$2y$12$f5GVvjVclMs0M/6HIagcg.gNy8QuOoP99orIbvSZh5b2QtNSgsnCy",NULL,"2025-12-16 14:06:23","2025-12-16 14:15:18"
"e07db377-b17b-4dda-940c-8f6ab7550565","heaney.pink@gmail.com",NULL,"$2y$12$IR2Ee8AFlr9oWXzYQ4q18.dKAzjnGh/kiSJW2CXc9aqG9kAm3f4Pq",NULL,"2025-12-16 14:06:58","2025-12-16 14:15:18"
"e180f01b-cdc7-4788-8714-aa4b6f6e1c89","ashleigh32@gmail.com",NULL,"$2y$12$XLnsdkZJsSfCxQCvTbqCqOPprwbEHagPpqy7268UpatB6NmgGGMIu",NULL,"2025-12-16 14:06:49","2025-12-16 14:15:18"
"e1cd9d20-730b-4db2-95c3-08af8e986f9b","roosevelt43@gmail.com",NULL,"$2y$12$8PjeEgfmwLROYrf7gbaVruE1f6njp5TUl5jeXr/aKnhUrpS.SJypm",NULL,"2025-12-16 14:07:12","2025-12-16 14:15:18"
"e329397b-f72c-4556-b14a-295cc8f05062","ekoch@gmail.com",NULL,"$2y$12$OaOEvuqM5JzekJimyP8kOOrcHTtpzGqm4doznO6oe58OZgvKmJ.72",NULL,"2025-12-16 14:07:26","2025-12-16 14:15:18"
"e44d1b84-1a43-4ea2-9581-4a2ccd240a1f","wunsch.felton@gmail.com",NULL,"$2y$12$x0Hd0YQZiInTgGXlq/jVDu6SZ4FZxSQy60V2EcpBfoIeaNrYwgm5y",NULL,"2025-12-16 14:07:37","2025-12-16 14:15:18"
"e47a59f7-9025-4aa7-bc09-b6c37ce121ee","mariane66@gmail.com",NULL,"$2y$12$Ry254/hpZjeL6ZqEzUlOSeLuXUIIWLEjyBa9sWw0nq4s/cgqrRGeq",NULL,"2025-12-16 14:06:10","2025-12-16 14:15:18"
"e4a1715f-9307-4d76-a093-01b297928646","lemke.macie@gmail.com",NULL,"$2y$12$lFdQrZIymtKFawLgnkoIwuXVqdffnWSuZDmDThFDOn5ZUx2YWejca",NULL,"2025-12-16 14:06:22","2025-12-16 14:15:18"
"e5297e44-f5ea-44c6-9520-487ecb6d8e60","gwitting@gmail.com",NULL,"$2y$12$UgDNS7zaM6YA5cefluRjkur1m18gcU6x/1n4mk91zuqvS.nlpfzj6",NULL,"2025-12-16 14:07:34","2025-12-16 14:15:18"
"e8cbd8c2-98b0-4e03-ae82-e02940f8aa55","kelly.cartwright@gmail.com",NULL,"$2y$12$nzpc7.AIJ1lfFZzIAYoB2.YBqRPFDAwafgI8K5IJpWxkQ0ZIzLDrW",NULL,"2025-12-16 14:06:42","2025-12-16 14:15:18"
"e9108ee7-72db-47b1-a872-a2b568c11129","hegmann.leila@gmail.com",NULL,"$2y$12$rANeCnGWVC7zPkLst5LUceuiSSEvYHiWqstMqeHLvkhIlqiycI.qy",NULL,"2025-12-16 14:07:33","2025-12-16 14:15:18"
"e99902ff-2b83-45b3-b2b0-7b3e45844de6","nwisoky@gmail.com",NULL,"$2y$12$5BxUJmnZ.LQZQ.A3qXYLyeUseSDRDYngD0xAjq8TUrHRjrN3TdmWa",NULL,"2025-12-16 14:07:05","2025-12-16 14:15:18"
"eb798c8d-8f2d-425a-8392-c6506a239605","thad.johnston@gmail.com",NULL,"$2y$12$Nv05ULay.EYrudrCOchXPuAivP0Y/G6K0yYHQGDMp7grUh99ZMFVu",NULL,"2025-12-16 14:07:05","2025-12-16 14:15:18"
"ebe2fad1-940c-426b-aa11-a0a39bc09a40","johnny65@gmail.com",NULL,"$2y$12$ZxupsQgPCufdSa93p7DTc.rihjgvVxZAjL/fQGhWb6Z7U9JWqZn7m",NULL,"2025-12-16 14:06:11","2025-12-16 14:15:18"
"ecc822f3-fb2b-46d5-b794-6cf5e5b74a01","axel.runolfsson@gmail.com",NULL,"$2y$12$rknCUBk/TQswzgPBcve./.mGlidiAngGP47d71GeHqvUYHTeYmLym",NULL,"2025-12-16 14:07:20","2025-12-16 14:15:18"
"edfe2d67-82f6-4b90-a6ef-915b2618291b","jpowlowski@gmail.com",NULL,"$2y$12$N4I6OQQf.DIB.lgLhGt0E.RPn5h1sfSMrxmkufhc2EM5CHYPfb8Li",NULL,"2025-12-16 14:07:17","2025-12-16 14:15:18"
"ee9d4f8a-4582-411f-8f7d-13625caf9384","reichel.leopoldo@gmail.com",NULL,"$2y$12$Ju5.IWZQJVGPDJuQG4tkPOAJTFMRLPdogT2tUy2P3BUwNRZihbgh.",NULL,"2025-12-16 14:07:40","2025-12-16 14:15:18"
"ef53ada5-2a95-41d4-a411-52dee8534ae3","gbednar@gmail.com",NULL,"$2y$12$zlMnPDb7yXYBbjJmOtLnyeSdDc/6Xwtf0Uw3FcD.v2HoUIm7QhkLO",NULL,"2025-12-16 14:06:26","2025-12-16 14:15:18"
"efb8691d-e474-4664-a69d-a75abb966762","owintheiser@gmail.com",NULL,"$2y$12$XhtZfsRX9Z1p9RJ3lP8SjOgdxjZrVydEk8NLw5DzKL3PxQDiHHDv6",NULL,"2025-12-16 14:07:10","2025-12-16 14:15:18"
"f03f04b4-db84-4507-bc9a-9b6fe8dab079","blaze.block@gmail.com",NULL,"$2y$12$MQJ.wWlYl5hmwNZwGcrjlespimqHzd6BmlbB8H/.WNpybH/H7aoey",NULL,"2025-12-16 14:07:21","2025-12-16 14:15:18"
"f07c0f45-b4db-4991-a6ca-51ce9b0999c4","schuster.mikel@gmail.com",NULL,"$2y$12$xOtorGQk82AMbboi05HFluxSBt6BA5a07JV1wWmNwT4mH8.3L3EAu",NULL,"2025-12-16 14:06:23","2025-12-16 14:15:18"
"f125a7ea-dec0-4f91-a220-17d08422276f","gislason.mona@gmail.com",NULL,"$2y$12$74wlKVL2UKwe.QppY.Gcr.PVFXY58B498ejChtyaJ1vG42fPXJVOe",NULL,"2025-12-16 14:07:02","2025-12-16 14:15:18"
"f12d43b5-4640-482f-85de-a3cf6b76cd12","ybotsford@gmail.com",NULL,"$2y$12$qY0dkbhp8hjHSnB0ppbb3ess9Qy7UV41bf2ErimvDfKhVicQMwTim",NULL,"2025-12-16 14:07:34","2025-12-16 14:15:18"
"f13d705c-ab37-44b8-8842-58c110033494","tabernathy@gmail.com",NULL,"$2y$12$kuqGbYVwCU6hvtvbn0C8I.oYEHxwnn6OwhEHhlaR78fE/CFC8QGE2",NULL,"2025-12-16 14:06:45","2025-12-16 14:15:18"
"f25808fe-c706-4c7c-a676-ca50c5e1687f","krystel.witting@gmail.com",NULL,"$2y$12$CQCfKT1HjrOqFRDbMy8HGe2I2nX4BXQNysYAs5LdGnBBKYRabr1ze",NULL,"2025-12-16 14:06:02","2025-12-16 14:15:18"
"f2abbfd1-051e-4543-bb47-584fa658351b","nikolas92@gmail.com",NULL,"$2y$12$CTpOTBLEpCg7cZXuKEOZ7uCkbzaQe1TIotHYZGl7AwU2nRm3PUGeS",NULL,"2025-12-16 14:07:28","2025-12-16 14:15:18"
"f35807e2-10f7-4cff-8831-936e208bb426","allie.emard@gmail.com",NULL,"$2y$12$cB/X5G9XhulH6sPvaDpC0eY8FJOL7HhBed90otwpQ9Wc01PdijeIa",NULL,"2025-12-16 14:06:03","2025-12-16 14:15:18"
"f445a00b-e208-4690-8226-00616fe90bf4","monahan.brown@gmail.com",NULL,"$2y$12$3ynygfkDLnZ7vrizL4Jgk.iFtS1Py5igBoJlBFKSWC2aa0Ce67rzu",NULL,"2025-12-16 14:05:57","2025-12-16 14:15:18"
"f49e3ff4-39bf-4ed8-9158-f9147c21931d","sbotsford@gmail.com",NULL,"$2y$12$zbXm8rax1b2aoKt7Bi9PhuvwltH/8H3g0z7Yht7nrD0K.2LKsHcXe",NULL,"2025-12-16 14:07:37","2025-12-16 14:15:18"
"f4ca43f1-d2b7-4d1b-8411-7aed83180950","mnader@gmail.com",NULL,"$2y$12$toNSoEEx3ut611MGeWS1fub.SncoGr.0ToqzM3T61eVxL9xZPbJ1K",NULL,"2025-12-16 14:07:36","2025-12-16 14:15:18"
"f680f2b9-f90d-4768-9033-883079416952","ejast@gmail.com",NULL,"$2y$12$SS/ae.13jr5qsjxRRM5Fne2PiRx5bRbOeaFZoLAB0Aq.Ru1BDqEhi",NULL,"2025-12-16 14:06:53","2025-12-16 14:15:18"
"f93a4557-31a3-4a03-9a2a-f7550bd7c75c","foster.thompson@gmail.com",NULL,"$2y$12$h0d/CHLGo87qydxPsLAOhO4UMsNXqDi/Q07VT0UZQCAI9tD09fyMm",NULL,"2025-12-16 14:06:12","2025-12-16 14:15:18"
"f9ca6d18-05d0-4283-bc70-8220a2be06c4","louisa.parisian@gmail.com",NULL,"$2y$12$Gwyvv3pkUbzWVhnbk388xu/.FdhnIC6kG8RJHUi0hzKiTwryye7rm",NULL,"2025-12-16 14:06:34","2025-12-16 14:15:18"
"fab0176a-0c8d-4671-902c-5c1c571a79eb","gpfannerstill@gmail.com",NULL,"$2y$12$CTQgkP3w4SuapAo8SUIls.TWCh.cx7rW0ESL6ry1WTE9Y0jzqqHxW",NULL,"2025-12-16 14:07:03","2025-12-16 14:15:18"
"fbbedd9a-7c6b-4b92-9d1a-a5602bd1a593","xthompson@gmail.com",NULL,"$2y$12$J47SNVbT9Me.3wDofSG.7ODoawNTkWcFAggfcq97.fk26/P9TdYT6",NULL,"2025-12-16 14:07:02","2025-12-16 14:15:18"
"fc148fd3-5eb8-49cb-9916-4bdd3096f1c7","meghan.schowalter@gmail.com",NULL,"$2y$12$YKfybKXzuc/VCqbPxAwR8.aV4uBXa2dQFe4xxK3hS4W9QHyDigKy6",NULL,"2025-12-16 14:06:49","2025-12-16 14:15:18"
"fc92fbcf-ff18-4c21-86e1-0ebe0155be55","koconner@gmail.com",NULL,"$2y$12$kOGTAA630a0.LMpJv8sXd.CrlV8WH85n97TKtWIHH/3Q29SlNAXjm",NULL,"2025-12-16 14:06:46","2025-12-16 14:15:18"
"fd153caa-8500-4e67-87d1-10e28cdcfed2","iboyle@gmail.com",NULL,"$2y$12$ZEmGC9urPQBfaPFRTybtQeHLVli7mL8QNaV.rSKCz7pXCt3iHpW0C",NULL,"2025-12-16 14:07:07","2025-12-16 14:15:18"
"fda46703-0a4f-4e3c-b2a2-f4ac6ae45dec","elsa04@gmail.com",NULL,"$2y$12$AslzdsqeNThA4dFzuq25IOTd6p5d8U4pVRTBPg/KBWzLheIJ56lgC",NULL,"2025-12-16 14:06:38","2025-12-16 14:15:18"
"fe4a1070-3db8-4977-a611-c19823af8653","travis02@gmail.com",NULL,"$2y$12$KVAWSlgJdq4PiHb40lTBAOcrZRNTWNtTCc6sUh6s7QRX6RdGk1r9.",NULL,"2025-12-16 14:06:47","2025-12-16 14:15:18"
"fe747d51-0431-4485-ad17-636e63e0f60f","lemke.nelson@gmail.com",NULL,"$2y$12$hozSAhudCNKNk5gQqE4a.uUf.yvmW9EFSprb02z7c/rBTx2m.9rve",NULL,"2025-12-16 14:06:48","2025-12-16 14:15:18"
"fec6ffbb-f3ff-4e92-ae0a-88e9ce7a1510","crooks.chadd@gmail.com",NULL,"$2y$12$LGtmdcIdYXgsxddvh8OVR.UYn1cpqWPlnNNTrmcAG0cS0YtKxpnOe",NULL,"2025-12-16 14:06:41","2025-12-16 14:15:18"
"fec91b7b-0141-4e38-9aea-40338546f50c","carey.lang@gmail.com",NULL,"$2y$12$DBgG34XB6Pn/0S8pc2MJs.WtiWVLPRa8Ad/QkrffYWwuFBebWGm0K",NULL,"2025-12-16 14:07:23","2025-12-16 14:15:18"
"fef7cbcc-58a1-475b-9768-ce08c9c53d3e","gutmann.winston@gmail.com",NULL,"$2y$12$9eGdP7HdjaZdMzcBW.XKt..PzCOb/ujwPiWgyvFdbQWP2gXU4dOle",NULL,"2025-12-16 14:07:16","2025-12-16 14:15:18"
"ff6365d0-a071-4eca-9fe7-6297cf6cf4f1","green.velda@gmail.com",NULL,"$2y$12$lVBHI567CvbWKCrRWBWvFejeU783WF0WzJ6RVcQSLWtdUJycOl18q",NULL,"2025-12-16 14:06:57","2025-12-16 14:15:18"
"ff81e9b2-e99f-4669-b1f8-2b2c271585d6","orion71@gmail.com",NULL,"$2y$12$svQTkOFrewpov1jgN.2RvOFwWFb9epc1cSlPlrzpUoeajDCRA.dR.",NULL,"2025-12-16 14:06:43","2025-12-16 14:15:18"
